<?xml version="1.0" encoding="UTF-8"?>
<beans xmlns="http://www.springframework.org/schema/beans"
       xmlns:xsi="http://www.w3.org/2001/XMLSchema-instance"
       xmlns:context="http://www.springframework.org/schema/context"
       xmlns:util="http://www.springframework.org/schema/util"
       xmlns:jpa="http://www.springframework.org/schema/data/jpa"
       xsi:schemaLocation="http://www.springframework.org/schema/beans http://www.springframework.org/schema/beans/spring-beans-3.2.xsd
           http://www.springframework.org/schema/context http://www.springframework.org/schema/context/spring-context-3.2.xsd
           http://www.springframework.org/schema/util http://www.springframework.org/schema/util/spring-util-3.2.xsd
           http://www.springframework.org/schema/data/jpa http://www.springframework.org/schema/data/jpa/spring-jpa-1.0.xsd">
 
    <context:annotation-config/>
    <context:component-scan base-package="com.luckyryan.sample"/>
 
    <bean id="dataSource"
     class="org.springframework.jdbc.datasource.DriverManagerDataSource">
       <property name="driverClassName" value="com.mysql.jdbc.Driver" />
       <property name="url" value="jdbc:mysql://localhost:3306/testjpa" />
       <property name="username" value="sanjay" />
       <property name="password" value="root" />
   </bean>
 
    <!-- SPRING - JPA -->
    <jpa:repositories
            base-package="com.test.example" />
 
    <bean class="org.springframework.orm.jpa.JpaTransactionManager"
          id="transactionManager">
        <property name="entityManagerFactory"
                  ref="entityManagerFactory" />
        <property name="jpaDialect">
            <bean class="org.springframework.orm.jpa.vendor.HibernateJpaDialect" />
        </property>
    </bean>
 
    <bean id="entityManagerFactory"
          class="org.springframework.orm.jpa.LocalContainerEntityManagerFactoryBean">
        <property name="dataSource" ref="dataSource" />
        <property name="packagesToScan" value="com.test.example"/>
        <property name="jpaVendorAdapter">
            <bean class="org.springframework.orm.jpa.vendor.HibernateJpaVendorAdapter">
                <property name="generateDdl" value="true" />
                <property name="showSql" value="false"/>
                <property name="databasePlatform" value="org.hibernate.dialect.MySQLDialect"/>
                <property name="database" value="MYSQL"/>
            </bean>
        </property>
    </bean>
 
</beans>